<?xml version="1.0" encoding="UTF-8"?>
<project-private xmlns="http://www.netbeans.org/ns/project-private/1">
    <editor-bookmarks xmlns="http://www.netbeans.org/ns/editor-bookmarks/2" lastBookmarkId="0"/>
    <open-files xmlns="http://www.netbeans.org/ns/projectui-open-files/2">
        <group>
            <file>file:/D:/FPT_PRJ301/E-Workshop1/Workshop1/src/java/controller/user/ProcessServlet.java</file>
            <file>file:/D:/FPT_PRJ301/E-Workshop1/Workshop1/web/carlist.jsp</file>
            <file>file:/D:/FPT_PRJ301/E-Workshop1/Workshop1/src/java/controller/user/LoginServlet.java</file>
        </group>
    </open-files>
</project-private>
