<?xml version="1.0" encoding="UTF-8"?>
<project-private xmlns="http://www.netbeans.org/ns/project-private/1">
    <editor-bookmarks xmlns="http://www.netbeans.org/ns/editor-bookmarks/2" lastBookmarkId="0"/>
    <open-files xmlns="http://www.netbeans.org/ns/projectui-open-files/2">
        <group>
            <file>file:/D:/FPT_PRJ301/PRJ301_SE1848/Workshop2-Demo/Workshop2-Demo/Workshop2/src/java/controller/cart/AddCartController.java</file>
            <file>file:/D:/FPT_PRJ301/PRJ301_SE1848/Workshop2-Demo/Workshop2-Demo/Workshop2/src/java/util/CartUtil.java</file>
            <file>file:/D:/FPT_PRJ301/PRJ301_SE1848/Workshop2-Demo/Workshop2-Demo/Workshop2/web/Detail.jsp</file>
            <file>file:/D:/FPT_PRJ301/PRJ301_SE1848/Workshop2-Demo/Workshop2-Demo/Workshop2/web/Cart.jsp</file>
            <file>file:/D:/FPT_PRJ301/PRJ301_SE1848/Workshop2-Demo/Workshop2-Demo/Workshop2/src/java/model/CartItem.java</file>
            <file>file:/D:/FPT_PRJ301/PRJ301_SE1848/Workshop2-Demo/Workshop2-Demo/Workshop2/web/ManagerProduct.jsp</file>
            <file>file:/D:/FPT_PRJ301/PRJ301_SE1848/Workshop2-Demo/Workshop2-Demo/Workshop2/src/java/controller/cart/ViewCartController.java</file>
        </group>
    </open-files>
</project-private>
